{"ProjectBreakpointSettingValue":"{\"Value\":{\"ADT_PruebaPsicometrica_Recepcion_Main.xaml\":[],\"Email/ADT_PruebaPsicometrica_Send_Email.xaml\":[],\"MIL/ADT_PruebaPsicometrica_02_Download_MIL.xaml\":[],\"Framework/InitAllApplications.xaml\":[],\"Framework/CloseAllApplications.xaml\":[],\"Framework/KillAllProcesses.xaml\":[],\"MIL/test.xaml\":[],\"MIL/ADT_PruebaPsicometrica_01_Login_MIL.xaml\":[],\"ADT_PruebaPsicometrica_Recepcion_Process.xaml\":[],\"AMITAI/ADT_PruebaPsicometrica_02_Download_AMITAI.xaml\":[],\"PCA/ADT_PruebaPsicometrica_02_Download_PCA.xaml\":[],\"BPM/ADT_PruebaPsicometrica_Registro_BPM.xaml\":[],\"ADT_PruebaPsicometrica_Recepcion_Dispatcher.xaml\":[],\"Email/ADT_PruebaPsicometrica_Validate_Notification.xaml\":[],\"Email/ADT_PruebaPsicometrica_Create_Report.xaml\":[],\"AMITAI/ADT_PruebaPsicometrica_01_Login_AMITAI.xaml\":[],\"BPM/ADT_PruebaPsicometrica_Validate_Fields.xaml\":[],\"AMITAI/ADT_PruebaPsicometrica_03_Logout_AMITAI.xaml\":[],\"AMITAI/ADT_Prueba_Psicometrica_Validate_Register.xaml\":[],\"Framework/SetTransactionStatus.xaml\":[],\"Email/Outlook.xaml\":[],\"Framework/InitAllSettings.xaml\":[],\"BPM/ADT_PruebaPsicometrica_Recepcion_Update_Registro.xaml\":[],\"AMITAI/ADT_PruebaPsicometrica_Clear_Temporal_Folder.xaml\":[],\"Test_Framework/RunAllTests.xaml\":[]}}"}