{"ProjectBreakpointSettingValue":"{\"Value\":{\"MIL/ADT_PruebaPsicometrica_02_Create_Registro_MIL.xaml\":[],\"AMITAI/ADT_PruebaPsicometrica_02_Create_Registro_AMITAI.xaml\":[\"1.234\",\"1.230\"],\"AMITAI/ADT_PruebaPsicometrica_03_Logout_AMITAI.xaml\":[],\"AMITAI/ADT_PruebaPsicometrica_01_Login_AMITAI.xaml\":[],\"AuraPortal/ADT_PruebaPsicometrica_02_Download.xaml\":[],\"AuraPortal/ADT_PruebaPsicometrica_03_Generate_Registros.xaml\":[],\"PCA/ADT_PruebaPsicometrica_01_Login_PCA.xaml\":[],\"PCA/TEst.xaml\":[],\"PCA/ADT_PruebaPsicometrica_02_Create_Registro_PCA.xaml\":[],\"ADT_PruebaPsicometrica_Envio_Main.xaml\":[],\"BPM/ADT_PruebaPsicometrica_Registro_BPM.xaml\":[],\"ADT_PruebaPsicometrica_Envio_Process.xaml\":[],\"test.xaml\":[],\"AMITAI/test.xaml\":[],\"Email/ADT_PruebaPsicometrica_Send_Email.xaml\":[],\"Email/ADT_PruebaPsicometrica_Create_Report.xaml\":[],\"ADT_PruebaPsicometrica_Validate_Fields.xaml\":[],\"AuraPortal/ADT_PruebaPsicometrica_Validate_Fields.xaml\":[],\"ADT_PruebaPsicometrica_Dispatcher.xaml\":[],\"AMITAI/ADT_Prueba_Psicometrica_Validate_Register.xaml\":[],\"Framework/SetTransactionStatus.xaml\":[],\"Framework/InitAllApplications.xaml\":[],\"AuraPortal/ADT_PruebaPsicometrica_01.1_Create_Empty_Registros.xaml\":[],\"AuraPortal/ADT_PruebaPsicometrica_01_Login_AuraPortal.xaml\":[],\"AuraPortal/ADT_PruebaPsicometrica_02.1_Check_PartialDocument.xaml\":[],\"Framework/InitAllSettings.xaml\":[],\"TestingWorkflow.xaml\":[],\"Framework/GetTransactionData.xaml\":[],\"Framework/GetAppCredentials.xaml\":[],\"AuraPortal/ADT_PruebaPsicometrica_Envio_Update_Registro.xaml\":[],\"AuraPortal/ADT_PruebaPsicometrica_Set_IDSistema.xaml\":[],\"MIL/ADT_PruebaPsicometrica_01_Login_MIL.xaml\":[],\"AMITAI/ADT_PruebaPsicometrica_02.1_CheckAll_Inputs.xaml\":[\"1.2\",\"1.5\",\"1.30\",\"1.7\",\"1.6\",\"1.190\",\"1.219\",\"1.132\",\"1.161\",\"1.35\",\"1.103\",\"1.70\"],\"BPM/ADT_PruebaPsicometrica_Registro_BPM_Mil.xaml\":[],\"AMITAI/test_1.xaml\":[]}}"}